{
  "annotations": {
    "list": [
      {
        "$$hashKey": "object:2988",
        "builtIn": 1,
        "datasource": "-- Grafana --",
        "enable": true,
        "hide": true,
        "iconColor": "rgba(0, 211, 255, 1)",
        "name": "Annotations & Alerts",
        "type": "dashboard"
      }
    ]
  },
  "description": "Monitoramento sites Down Detector",
  "editable": true,
  "gnetId": null,
  "graphTooltip": 0,
  "id": 33,
  "links": [],
  "panels": [
    {
      "content": "<center><img src=\"https://raw.githubusercontent.com/remontti/downdetector_zbx_grafana/master/icons/whatsapp.png\" style=\"width:48px;height:48px;\"></center>",
      "datasource": null,
      "gridPos": {
        "h": 2,
        "w": 2,
        "x": 0,
        "y": 0
      },
      "id": 7,
      "links": [],
      "mode": "html",
      "title": "",
      "transparent": true,
      "type": "text"
    },
    {
      "cacheTimeout": null,
      "colorBackground": false,
      "colorValue": true,
      "colors": [
        "#299c46",
        "rgba(237, 129, 40, 0.89)",
        "#d44a3a"
      ],
      "datasource": null,
      "description": "",
      "format": "none",
      "gauge": {
        "maxValue": 100,
        "minValue": 0,
        "show": false,
        "thresholdLabels": false,
        "thresholdMarkers": true
      },
      "gridPos": {
        "h": 2,
        "w": 4,
        "x": 2,
        "y": 0
      },
      "hideTimeOverride": false,
      "id": 12,
      "interval": null,
      "links": [],
      "mappingType": 1,
      "mappingTypes": [
        {
          "$$hashKey": "object:3260",
          "name": "value to text",
          "value": 1
        },
        {
          "$$hashKey": "object:3261",
          "name": "range to text",
          "value": 2
        }
      ],
      "maxDataPoints": 100,
      "nullPointMode": "connected",
      "nullText": null,
      "postfix": "",
      "postfixFontSize": "50%",
      "prefix": "",
      "prefixFontSize": "50%",
      "rangeMaps": [
        {
          "from": "null",
          "text": "N/A",
          "to": "null"
        }
      ],
      "sparkline": {
        "fillColor": "rgba(31, 118, 189, 0.18)",
        "full": false,
        "lineColor": "rgb(31, 120, 193)",
        "show": false
      },
      "tableColumn": "",
      "targets": [
        {
          "application": {
            "filter": "Site"
          },
          "functions": [],
          "group": {
            "filter": "DownDetector"
          },
          "host": {
            "filter": "DownDetector"
          },
          "item": {
            "filter": "Whatsapp"
          },
          "mode": 0,
          "options": {
            "showDisabledItems": false,
            "skipEmptyValues": false
          },
          "refId": "A",
          "resultFormat": "time_series",
          "table": {
            "skipEmptyValues": false
          },
          "triggers": {
            "acknowledged": 2,
            "count": true,
            "minSeverity": 3
          },
          "useCaptureGroups": false
        }
      ],
      "thresholds": "1.1,2.1,3.1",
      "title": "",
      "transparent": true,
      "type": "singlestat",
      "valueFontSize": "80%",
      "valueMaps": [
        {
          "$$hashKey": "object:3263",
          "op": "=",
          "text": "✅  Normal",
          "value": "1"
        },
        {
          "$$hashKey": "object:3264",
          "op": "=",
          "text": "❗️ Intermitênte",
          "value": "2"
        },
        {
          "$$hashKey": "object:3265",
          "op": "=",
          "text": "❌ Instável",
          "value": "3"
        }
      ],
      "valueName": "current"
    },
    {
      "content": "<center><img src=\"https://raw.githubusercontent.com/remontti/downdetector_zbx_grafana/master/icons/caixa.png\" style=\"width:48px;height:48px;\"></center>",
      "datasource": null,
      "gridPos": {
        "h": 2,
        "w": 2,
        "x": 6,
        "y": 0
      },
      "id": 6,
      "links": [],
      "mode": "html",
      "title": "",
      "transparent": true,
      "type": "text"
    },
    {
      "cacheTimeout": null,
      "colorBackground": false,
      "colorValue": true,
      "colors": [
        "#299c46",
        "rgba(237, 129, 40, 0.89)",
        "#d44a3a"
      ],
      "datasource": null,
      "description": "",
      "format": "none",
      "gauge": {
        "maxValue": 100,
        "minValue": 0,
        "show": false,
        "thresholdLabels": false,
        "thresholdMarkers": true
      },
      "gridPos": {
        "h": 2,
        "w": 4,
        "x": 8,
        "y": 0
      },
      "hideTimeOverride": false,
      "id": 2,
      "interval": null,
      "links": [],
      "mappingType": 1,
      "mappingTypes": [
        {
          "$$hashKey": "object:3260",
          "name": "value to text",
          "value": 1
        },
        {
          "$$hashKey": "object:3261",
          "name": "range to text",
          "value": 2
        }
      ],
      "maxDataPoints": 100,
      "nullPointMode": "connected",
      "nullText": null,
      "postfix": "",
      "postfixFontSize": "50%",
      "prefix": "",
      "prefixFontSize": "50%",
      "rangeMaps": [
        {
          "from": "null",
          "text": "N/A",
          "to": "null"
        }
      ],
      "sparkline": {
        "fillColor": "rgba(31, 118, 189, 0.18)",
        "full": false,
        "lineColor": "rgb(31, 120, 193)",
        "show": false
      },
      "tableColumn": "",
      "targets": [
        {
          "application": {
            "filter": "Site"
          },
          "functions": [],
          "group": {
            "filter": "DownDetector"
          },
          "host": {
            "filter": "DownDetector"
          },
          "item": {
            "filter": "Caixa Econômica Federal"
          },
          "mode": 0,
          "options": {
            "showDisabledItems": false,
            "skipEmptyValues": false
          },
          "refId": "A",
          "resultFormat": "time_series",
          "table": {
            "skipEmptyValues": false
          },
          "triggers": {
            "acknowledged": 2,
            "count": true,
            "minSeverity": 3
          },
          "useCaptureGroups": false
        }
      ],
      "thresholds": "1.1,2.1,3.1",
      "title": "",
      "transparent": true,
      "type": "singlestat",
      "valueFontSize": "80%",
      "valueMaps": [
        {
          "$$hashKey": "object:3263",
          "op": "=",
          "text": "✅  Normal",
          "value": "1"
        },
        {
          "$$hashKey": "object:3264",
          "op": "=",
          "text": "❗️ Intermitênte",
          "value": "2"
        },
        {
          "$$hashKey": "object:3265",
          "op": "=",
          "text": "❌ Instável",
          "value": "3"
        }
      ],
      "valueName": "current"
    },
    {
      "content": "<center><img src=\"https://raw.githubusercontent.com/remontti/downdetector_zbx_grafana/master/icons/telegram.png\" style=\"width:48px;height:48px;\"></center>",
      "datasource": null,
      "gridPos": {
        "h": 2,
        "w": 2,
        "x": 0,
        "y": 2
      },
      "id": 9,
      "links": [],
      "mode": "html",
      "title": "",
      "transparent": true,
      "type": "text"
    },
    {
      "cacheTimeout": null,
      "colorBackground": false,
      "colorValue": true,
      "colors": [
        "#299c46",
        "rgba(237, 129, 40, 0.89)",
        "#d44a3a"
      ],
      "datasource": null,
      "description": "",
      "format": "none",
      "gauge": {
        "maxValue": 100,
        "minValue": 0,
        "show": false,
        "thresholdLabels": false,
        "thresholdMarkers": true
      },
      "gridPos": {
        "h": 2,
        "w": 4,
        "x": 2,
        "y": 2
      },
      "hideTimeOverride": false,
      "id": 13,
      "interval": null,
      "links": [],
      "mappingType": 1,
      "mappingTypes": [
        {
          "$$hashKey": "object:3260",
          "name": "value to text",
          "value": 1
        },
        {
          "$$hashKey": "object:3261",
          "name": "range to text",
          "value": 2
        }
      ],
      "maxDataPoints": 100,
      "nullPointMode": "connected",
      "nullText": null,
      "postfix": "",
      "postfixFontSize": "50%",
      "prefix": "",
      "prefixFontSize": "50%",
      "rangeMaps": [
        {
          "from": "null",
          "text": "N/A",
          "to": "null"
        }
      ],
      "sparkline": {
        "fillColor": "rgba(31, 118, 189, 0.18)",
        "full": false,
        "lineColor": "rgb(31, 120, 193)",
        "show": false
      },
      "tableColumn": "",
      "targets": [
        {
          "application": {
            "filter": "Site"
          },
          "functions": [],
          "group": {
            "filter": "DownDetector"
          },
          "host": {
            "filter": "DownDetector"
          },
          "item": {
            "filter": "Telegram"
          },
          "mode": 0,
          "options": {
            "showDisabledItems": false,
            "skipEmptyValues": false
          },
          "refId": "A",
          "resultFormat": "time_series",
          "table": {
            "skipEmptyValues": false
          },
          "triggers": {
            "acknowledged": 2,
            "count": true,
            "minSeverity": 3
          },
          "useCaptureGroups": false
        }
      ],
      "thresholds": "1.1,2.1,3.1",
      "title": "",
      "transparent": true,
      "type": "singlestat",
      "valueFontSize": "80%",
      "valueMaps": [
        {
          "$$hashKey": "object:3263",
          "op": "=",
          "text": "✅  Normal",
          "value": "1"
        },
        {
          "$$hashKey": "object:3264",
          "op": "=",
          "text": "❗️ Intermitênte",
          "value": "2"
        },
        {
          "$$hashKey": "object:3265",
          "op": "=",
          "text": "❌ Instável",
          "value": "3"
        }
      ],
      "valueName": "current"
    },
    {
      "content": "<center><img src=\"https://raw.githubusercontent.com/remontti/downdetector_zbx_grafana/master/icons/amazon-prime.png\" style=\"width:48px;height:48px;\"></center>",
      "datasource": null,
      "gridPos": {
        "h": 2,
        "w": 2,
        "x": 6,
        "y": 2
      },
      "id": 11,
      "links": [],
      "mode": "html",
      "title": "",
      "transparent": true,
      "type": "text"
    },
    {
      "cacheTimeout": null,
      "colorBackground": false,
      "colorValue": true,
      "colors": [
        "#299c46",
        "rgba(237, 129, 40, 0.89)",
        "#d44a3a"
      ],
      "datasource": null,
      "description": "",
      "format": "none",
      "gauge": {
        "maxValue": 100,
        "minValue": 0,
        "show": false,
        "thresholdLabels": false,
        "thresholdMarkers": true
      },
      "gridPos": {
        "h": 2,
        "w": 4,
        "x": 8,
        "y": 2
      },
      "hideTimeOverride": false,
      "id": 14,
      "interval": null,
      "links": [],
      "mappingType": 1,
      "mappingTypes": [
        {
          "$$hashKey": "object:3260",
          "name": "value to text",
          "value": 1
        },
        {
          "$$hashKey": "object:3261",
          "name": "range to text",
          "value": 2
        }
      ],
      "maxDataPoints": 100,
      "nullPointMode": "connected",
      "nullText": null,
      "postfix": "",
      "postfixFontSize": "50%",
      "prefix": "",
      "prefixFontSize": "50%",
      "rangeMaps": [
        {
          "from": "null",
          "text": "N/A",
          "to": "null"
        }
      ],
      "sparkline": {
        "fillColor": "rgba(31, 118, 189, 0.18)",
        "full": false,
        "lineColor": "rgb(31, 120, 193)",
        "show": false
      },
      "tableColumn": "",
      "targets": [
        {
          "application": {
            "filter": "Site"
          },
          "functions": [],
          "group": {
            "filter": "DownDetector"
          },
          "host": {
            "filter": "DownDetector"
          },
          "item": {
            "filter": "Amazon Prime Video"
          },
          "mode": 0,
          "options": {
            "showDisabledItems": false,
            "skipEmptyValues": false
          },
          "refId": "A",
          "resultFormat": "time_series",
          "table": {
            "skipEmptyValues": false
          },
          "triggers": {
            "acknowledged": 2,
            "count": true,
            "minSeverity": 3
          },
          "useCaptureGroups": false
        }
      ],
      "thresholds": "1.1,2.1,3.1",
      "title": "",
      "transparent": true,
      "type": "singlestat",
      "valueFontSize": "80%",
      "valueMaps": [
        {
          "$$hashKey": "object:3263",
          "op": "=",
          "text": "✅  Normal",
          "value": "1"
        },
        {
          "$$hashKey": "object:3264",
          "op": "=",
          "text": "❗️ Intermitênte",
          "value": "2"
        },
        {
          "$$hashKey": "object:3265",
          "op": "=",
          "text": "❌ Instável",
          "value": "3"
        }
      ],
      "valueName": "current"
    },
    {
      "content": "<center><img src=\"https://raw.githubusercontent.com/remontti/downdetector_zbx_grafana/master/icons/messenger.png\" style=\"width:48px;height:48px;\"></center>",
      "datasource": null,
      "gridPos": {
        "h": 2,
        "w": 2,
        "x": 0,
        "y": 4
      },
      "id": 17,
      "links": [],
      "mode": "html",
      "title": "",
      "transparent": true,
      "type": "text"
    },
    {
      "cacheTimeout": null,
      "colorBackground": false,
      "colorValue": true,
      "colors": [
        "#299c46",
        "rgba(237, 129, 40, 0.89)",
        "#d44a3a"
      ],
      "datasource": null,
      "description": "",
      "format": "none",
      "gauge": {
        "maxValue": 100,
        "minValue": 0,
        "show": false,
        "thresholdLabels": false,
        "thresholdMarkers": true
      },
      "gridPos": {
        "h": 2,
        "w": 4,
        "x": 2,
        "y": 4
      },
      "hideTimeOverride": false,
      "id": 18,
      "interval": null,
      "links": [],
      "mappingType": 1,
      "mappingTypes": [
        {
          "$$hashKey": "object:3260",
          "name": "value to text",
          "value": 1
        },
        {
          "$$hashKey": "object:3261",
          "name": "range to text",
          "value": 2
        }
      ],
      "maxDataPoints": 100,
      "nullPointMode": "connected",
      "nullText": null,
      "postfix": "",
      "postfixFontSize": "50%",
      "prefix": "",
      "prefixFontSize": "50%",
      "rangeMaps": [
        {
          "from": "null",
          "text": "N/A",
          "to": "null"
        }
      ],
      "sparkline": {
        "fillColor": "rgba(31, 118, 189, 0.18)",
        "full": false,
        "lineColor": "rgb(31, 120, 193)",
        "show": false
      },
      "tableColumn": "",
      "targets": [
        {
          "application": {
            "filter": "Site"
          },
          "functions": [],
          "group": {
            "filter": "DownDetector"
          },
          "host": {
            "filter": "DownDetector"
          },
          "item": {
            "filter": "Facebook Messenger"
          },
          "mode": 0,
          "options": {
            "showDisabledItems": false,
            "skipEmptyValues": false
          },
          "refId": "A",
          "resultFormat": "time_series",
          "table": {
            "skipEmptyValues": false
          },
          "triggers": {
            "acknowledged": 2,
            "count": true,
            "minSeverity": 3
          },
          "useCaptureGroups": false
        }
      ],
      "thresholds": "1.1,2.1,3.1",
      "title": "",
      "transparent": true,
      "type": "singlestat",
      "valueFontSize": "80%",
      "valueMaps": [
        {
          "$$hashKey": "object:3263",
          "op": "=",
          "text": "✅  Normal",
          "value": "1"
        },
        {
          "$$hashKey": "object:3264",
          "op": "=",
          "text": "❗️ Intermitênte",
          "value": "2"
        },
        {
          "$$hashKey": "object:3265",
          "op": "=",
          "text": "❌ Instável",
          "value": "3"
        }
      ],
      "valueName": "current"
    },
    {
      "content": "<center><img src=\"https://raw.githubusercontent.com/remontti/downdetector_zbx_grafana/master/icons/amazon-web-services.png\" style=\"width:48px;height:48px;\"></center>",
      "datasource": null,
      "gridPos": {
        "h": 2,
        "w": 2,
        "x": 6,
        "y": 4
      },
      "id": 15,
      "links": [],
      "mode": "html",
      "title": "",
      "transparent": true,
      "type": "text"
    },
    {
      "cacheTimeout": null,
      "colorBackground": false,
      "colorValue": true,
      "colors": [
        "#299c46",
        "rgba(237, 129, 40, 0.89)",
        "#d44a3a"
      ],
      "datasource": null,
      "description": "",
      "format": "none",
      "gauge": {
        "maxValue": 100,
        "minValue": 0,
        "show": false,
        "thresholdLabels": false,
        "thresholdMarkers": true
      },
      "gridPos": {
        "h": 2,
        "w": 4,
        "x": 8,
        "y": 4
      },
      "hideTimeOverride": false,
      "id": 16,
      "interval": null,
      "links": [],
      "mappingType": 1,
      "mappingTypes": [
        {
          "$$hashKey": "object:3260",
          "name": "value to text",
          "value": 1
        },
        {
          "$$hashKey": "object:3261",
          "name": "range to text",
          "value": 2
        }
      ],
      "maxDataPoints": 100,
      "nullPointMode": "connected",
      "nullText": null,
      "postfix": "",
      "postfixFontSize": "50%",
      "prefix": "",
      "prefixFontSize": "50%",
      "rangeMaps": [
        {
          "from": "null",
          "text": "N/A",
          "to": "null"
        }
      ],
      "sparkline": {
        "fillColor": "rgba(31, 118, 189, 0.18)",
        "full": false,
        "lineColor": "rgb(31, 120, 193)",
        "show": false
      },
      "tableColumn": "",
      "targets": [
        {
          "application": {
            "filter": "Site"
          },
          "functions": [],
          "group": {
            "filter": "DownDetector"
          },
          "host": {
            "filter": "DownDetector"
          },
          "item": {
            "filter": "Amazon Web Services"
          },
          "mode": 0,
          "options": {
            "showDisabledItems": false,
            "skipEmptyValues": false
          },
          "refId": "A",
          "resultFormat": "time_series",
          "table": {
            "skipEmptyValues": false
          },
          "triggers": {
            "acknowledged": 2,
            "count": true,
            "minSeverity": 3
          },
          "useCaptureGroups": false
        }
      ],
      "thresholds": "1.1,2.1,3.1",
      "timeShift": null,
      "title": "",
      "transparent": true,
      "type": "singlestat",
      "valueFontSize": "80%",
      "valueMaps": [
        {
          "$$hashKey": "object:3263",
          "op": "=",
          "text": "✅  Normal",
          "value": "1"
        },
        {
          "$$hashKey": "object:3264",
          "op": "=",
          "text": "❗️ Intermitênte",
          "value": "2"
        },
        {
          "$$hashKey": "object:3265",
          "op": "=",
          "text": "❌ Instável",
          "value": "3"
        }
      ],
      "valueName": "current"
    },
    {
      "content": "<center><img src=\"https://raw.githubusercontent.com/remontti/downdetector_zbx_grafana/master/icons/facebook.png\" style=\"width:48px;height:48px;\"></center>",
      "datasource": null,
      "gridPos": {
        "h": 2,
        "w": 2,
        "x": 0,
        "y": 6
      },
      "id": 19,
      "links": [],
      "mode": "html",
      "title": "",
      "transparent": true,
      "type": "text"
    },
    {
      "cacheTimeout": null,
      "colorBackground": false,
      "colorValue": true,
      "colors": [
        "#299c46",
        "rgba(237, 129, 40, 0.89)",
        "#d44a3a"
      ],
      "datasource": null,
      "description": "",
      "format": "none",
      "gauge": {
        "maxValue": 100,
        "minValue": 0,
        "show": false,
        "thresholdLabels": false,
        "thresholdMarkers": true
      },
      "gridPos": {
        "h": 2,
        "w": 4,
        "x": 2,
        "y": 6
      },
      "hideTimeOverride": false,
      "id": 28,
      "interval": null,
      "links": [],
      "mappingType": 1,
      "mappingTypes": [
        {
          "$$hashKey": "object:3260",
          "name": "value to text",
          "value": 1
        },
        {
          "$$hashKey": "object:3261",
          "name": "range to text",
          "value": 2
        }
      ],
      "maxDataPoints": 100,
      "nullPointMode": "connected",
      "nullText": null,
      "postfix": "",
      "postfixFontSize": "50%",
      "prefix": "",
      "prefixFontSize": "50%",
      "rangeMaps": [
        {
          "from": "null",
          "text": "N/A",
          "to": "null"
        }
      ],
      "sparkline": {
        "fillColor": "rgba(31, 118, 189, 0.18)",
        "full": false,
        "lineColor": "rgb(31, 120, 193)",
        "show": false
      },
      "tableColumn": "",
      "targets": [
        {
          "application": {
            "filter": "Site"
          },
          "functions": [],
          "group": {
            "filter": "DownDetector"
          },
          "host": {
            "filter": "DownDetector"
          },
          "item": {
            "filter": "Facebook"
          },
          "mode": 0,
          "options": {
            "showDisabledItems": false,
            "skipEmptyValues": false
          },
          "refId": "A",
          "resultFormat": "time_series",
          "table": {
            "skipEmptyValues": false
          },
          "triggers": {
            "acknowledged": 2,
            "count": true,
            "minSeverity": 3
          },
          "useCaptureGroups": false
        }
      ],
      "thresholds": "1.1,2.1,3.1",
      "title": "",
      "transparent": true,
      "type": "singlestat",
      "valueFontSize": "80%",
      "valueMaps": [
        {
          "$$hashKey": "object:3263",
          "op": "=",
          "text": "✅  Normal",
          "value": "1"
        },
        {
          "$$hashKey": "object:3264",
          "op": "=",
          "text": "❗️ Intermitênte",
          "value": "2"
        },
        {
          "$$hashKey": "object:3265",
          "op": "=",
          "text": "❌ Instável",
          "value": "3"
        }
      ],
      "valueName": "current"
    },
    {
      "content": "<center><img src=\"https://raw.githubusercontent.com/remontti/downdetector_zbx_grafana/master/icons/gmail.png\" style=\"width:48px;height:48px;\"></center>",
      "datasource": null,
      "gridPos": {
        "h": 2,
        "w": 2,
        "x": 6,
        "y": 6
      },
      "id": 20,
      "links": [],
      "mode": "html",
      "title": "",
      "transparent": true,
      "type": "text"
    },
    {
      "cacheTimeout": null,
      "colorBackground": false,
      "colorValue": true,
      "colors": [
        "#299c46",
        "rgba(237, 129, 40, 0.89)",
        "#d44a3a"
      ],
      "datasource": null,
      "description": "",
      "format": "none",
      "gauge": {
        "maxValue": 100,
        "minValue": 0,
        "show": false,
        "thresholdLabels": false,
        "thresholdMarkers": true
      },
      "gridPos": {
        "h": 2,
        "w": 4,
        "x": 8,
        "y": 6
      },
      "hideTimeOverride": false,
      "id": 25,
      "interval": null,
      "links": [],
      "mappingType": 1,
      "mappingTypes": [
        {
          "$$hashKey": "object:3260",
          "name": "value to text",
          "value": 1
        },
        {
          "$$hashKey": "object:3261",
          "name": "range to text",
          "value": 2
        }
      ],
      "maxDataPoints": 100,
      "nullPointMode": "connected",
      "nullText": null,
      "postfix": "",
      "postfixFontSize": "50%",
      "prefix": "",
      "prefixFontSize": "50%",
      "rangeMaps": [
        {
          "from": "null",
          "text": "N/A",
          "to": "null"
        }
      ],
      "sparkline": {
        "fillColor": "rgba(31, 118, 189, 0.18)",
        "full": false,
        "lineColor": "rgb(31, 120, 193)",
        "show": false
      },
      "tableColumn": "",
      "targets": [
        {
          "application": {
            "filter": "Site"
          },
          "functions": [],
          "group": {
            "filter": "DownDetector"
          },
          "host": {
            "filter": "DownDetector"
          },
          "item": {
            "filter": "Gmail"
          },
          "mode": 0,
          "options": {
            "showDisabledItems": false,
            "skipEmptyValues": false
          },
          "refId": "A",
          "resultFormat": "time_series",
          "table": {
            "skipEmptyValues": false
          },
          "triggers": {
            "acknowledged": 2,
            "count": true,
            "minSeverity": 3
          },
          "useCaptureGroups": false
        }
      ],
      "thresholds": "1.1,2.1,3.1",
      "title": "",
      "transparent": true,
      "type": "singlestat",
      "valueFontSize": "80%",
      "valueMaps": [
        {
          "$$hashKey": "object:3263",
          "op": "=",
          "text": "✅  Normal",
          "value": "1"
        },
        {
          "$$hashKey": "object:3264",
          "op": "=",
          "text": "❗️ Intermitênte",
          "value": "2"
        },
        {
          "$$hashKey": "object:3265",
          "op": "=",
          "text": "❌ Instável",
          "value": "3"
        }
      ],
      "valueName": "current"
    },
    {
      "content": "<center><img src=\"https://raw.githubusercontent.com/remontti/downdetector_zbx_grafana/master/icons/youtube.png\" style=\"width:48px;height:48px;\"></center>",
      "datasource": null,
      "gridPos": {
        "h": 2,
        "w": 2,
        "x": 0,
        "y": 8
      },
      "id": 24,
      "links": [],
      "mode": "html",
      "title": "",
      "transparent": true,
      "type": "text"
    },
    {
      "cacheTimeout": null,
      "colorBackground": false,
      "colorValue": true,
      "colors": [
        "#299c46",
        "rgba(237, 129, 40, 0.89)",
        "#d44a3a"
      ],
      "datasource": null,
      "description": "",
      "format": "none",
      "gauge": {
        "maxValue": 100,
        "minValue": 0,
        "show": false,
        "thresholdLabels": false,
        "thresholdMarkers": true
      },
      "gridPos": {
        "h": 2,
        "w": 4,
        "x": 2,
        "y": 8
      },
      "hideTimeOverride": false,
      "id": 27,
      "interval": null,
      "links": [],
      "mappingType": 1,
      "mappingTypes": [
        {
          "$$hashKey": "object:3260",
          "name": "value to text",
          "value": 1
        },
        {
          "$$hashKey": "object:3261",
          "name": "range to text",
          "value": 2
        }
      ],
      "maxDataPoints": 100,
      "nullPointMode": "connected",
      "nullText": null,
      "postfix": "",
      "postfixFontSize": "50%",
      "prefix": "",
      "prefixFontSize": "50%",
      "rangeMaps": [
        {
          "from": "null",
          "text": "N/A",
          "to": "null"
        }
      ],
      "sparkline": {
        "fillColor": "rgba(31, 118, 189, 0.18)",
        "full": false,
        "lineColor": "rgb(31, 120, 193)",
        "show": false
      },
      "tableColumn": "",
      "targets": [
        {
          "application": {
            "filter": "Site"
          },
          "functions": [],
          "group": {
            "filter": "DownDetector"
          },
          "host": {
            "filter": "DownDetector"
          },
          "item": {
            "filter": "Youtube"
          },
          "mode": 0,
          "options": {
            "showDisabledItems": false,
            "skipEmptyValues": false
          },
          "refId": "A",
          "resultFormat": "time_series",
          "table": {
            "skipEmptyValues": false
          },
          "triggers": {
            "acknowledged": 2,
            "count": true,
            "minSeverity": 3
          },
          "useCaptureGroups": false
        }
      ],
      "thresholds": "1.1,2.1,3.1",
      "title": "",
      "transparent": true,
      "type": "singlestat",
      "valueFontSize": "80%",
      "valueMaps": [
        {
          "$$hashKey": "object:3263",
          "op": "=",
          "text": "✅  Normal",
          "value": "1"
        },
        {
          "$$hashKey": "object:3264",
          "op": "=",
          "text": "❗️ Intermitênte",
          "value": "2"
        },
        {
          "$$hashKey": "object:3265",
          "op": "=",
          "text": "❌ Instável",
          "value": "3"
        }
      ],
      "valueName": "current"
    },
    {
      "content": "<center><img src=\"https://raw.githubusercontent.com/remontti/downdetector_zbx_grafana/master/icons/mercado-livre.png\" style=\"width:48px;height:48px;\"></center>",
      "datasource": null,
      "gridPos": {
        "h": 2,
        "w": 2,
        "x": 6,
        "y": 8
      },
      "id": 21,
      "links": [],
      "mode": "html",
      "title": "",
      "transparent": true,
      "type": "text"
    },
    {
      "cacheTimeout": null,
      "colorBackground": false,
      "colorValue": true,
      "colors": [
        "#299c46",
        "rgba(237, 129, 40, 0.89)",
        "#d44a3a"
      ],
      "datasource": null,
      "description": "",
      "format": "none",
      "gauge": {
        "maxValue": 100,
        "minValue": 0,
        "show": false,
        "thresholdLabels": false,
        "thresholdMarkers": true
      },
      "gridPos": {
        "h": 2,
        "w": 4,
        "x": 8,
        "y": 8
      },
      "hideTimeOverride": false,
      "id": 30,
      "interval": null,
      "links": [],
      "mappingType": 1,
      "mappingTypes": [
        {
          "$$hashKey": "object:3260",
          "name": "value to text",
          "value": 1
        },
        {
          "$$hashKey": "object:3261",
          "name": "range to text",
          "value": 2
        }
      ],
      "maxDataPoints": 100,
      "nullPointMode": "connected",
      "nullText": null,
      "postfix": "",
      "postfixFontSize": "50%",
      "prefix": "",
      "prefixFontSize": "50%",
      "rangeMaps": [
        {
          "from": "null",
          "text": "N/A",
          "to": "null"
        }
      ],
      "sparkline": {
        "fillColor": "rgba(31, 118, 189, 0.18)",
        "full": false,
        "lineColor": "rgb(31, 120, 193)",
        "show": false
      },
      "tableColumn": "",
      "targets": [
        {
          "application": {
            "filter": "Site"
          },
          "functions": [],
          "group": {
            "filter": "DownDetector"
          },
          "host": {
            "filter": "DownDetector"
          },
          "item": {
            "filter": "Mercado Livre"
          },
          "mode": 0,
          "options": {
            "showDisabledItems": false,
            "skipEmptyValues": false
          },
          "refId": "A",
          "resultFormat": "time_series",
          "table": {
            "skipEmptyValues": false
          },
          "triggers": {
            "acknowledged": 2,
            "count": true,
            "minSeverity": 3
          },
          "useCaptureGroups": false
        }
      ],
      "thresholds": "1.1,2.1,3.1",
      "title": "",
      "transparent": true,
      "type": "singlestat",
      "valueFontSize": "80%",
      "valueMaps": [
        {
          "$$hashKey": "object:3263",
          "op": "=",
          "text": "✅  Normal",
          "value": "1"
        },
        {
          "$$hashKey": "object:3264",
          "op": "=",
          "text": "❗️ Intermitênte",
          "value": "2"
        },
        {
          "$$hashKey": "object:3265",
          "op": "=",
          "text": "❌ Instável",
          "value": "3"
        }
      ],
      "valueName": "current"
    },
    {
      "content": "<center><img src=\"https://raw.githubusercontent.com/remontti/downdetector_zbx_grafana/master/icons/netflix.png\" style=\"width:48px;height:48px;\"></center>",
      "datasource": null,
      "gridPos": {
        "h": 2,
        "w": 2,
        "x": 0,
        "y": 10
      },
      "id": 23,
      "links": [],
      "mode": "html",
      "title": "",
      "transparent": true,
      "type": "text"
    },
    {
      "cacheTimeout": null,
      "colorBackground": false,
      "colorValue": true,
      "colors": [
        "#299c46",
        "rgba(237, 129, 40, 0.89)",
        "#d44a3a"
      ],
      "datasource": null,
      "description": "",
      "format": "none",
      "gauge": {
        "maxValue": 100,
        "minValue": 0,
        "show": false,
        "thresholdLabels": false,
        "thresholdMarkers": true
      },
      "gridPos": {
        "h": 2,
        "w": 4,
        "x": 2,
        "y": 10
      },
      "hideTimeOverride": false,
      "id": 26,
      "interval": null,
      "links": [],
      "mappingType": 1,
      "mappingTypes": [
        {
          "$$hashKey": "object:3260",
          "name": "value to text",
          "value": 1
        },
        {
          "$$hashKey": "object:3261",
          "name": "range to text",
          "value": 2
        }
      ],
      "maxDataPoints": 100,
      "nullPointMode": "connected",
      "nullText": null,
      "postfix": "",
      "postfixFontSize": "50%",
      "prefix": "",
      "prefixFontSize": "50%",
      "rangeMaps": [
        {
          "from": "null",
          "text": "N/A",
          "to": "null"
        }
      ],
      "sparkline": {
        "fillColor": "rgba(31, 118, 189, 0.18)",
        "full": false,
        "lineColor": "rgb(31, 120, 193)",
        "show": false
      },
      "tableColumn": "",
      "targets": [
        {
          "application": {
            "filter": "Site"
          },
          "functions": [],
          "group": {
            "filter": "DownDetector"
          },
          "host": {
            "filter": "DownDetector"
          },
          "item": {
            "filter": "Netflix"
          },
          "mode": 0,
          "options": {
            "showDisabledItems": false,
            "skipEmptyValues": false
          },
          "refId": "A",
          "resultFormat": "time_series",
          "table": {
            "skipEmptyValues": false
          },
          "triggers": {
            "acknowledged": 2,
            "count": true,
            "minSeverity": 3
          },
          "useCaptureGroups": false
        }
      ],
      "thresholds": "1.1,2.1,3.1",
      "title": "",
      "transparent": true,
      "type": "singlestat",
      "valueFontSize": "80%",
      "valueMaps": [
        {
          "$$hashKey": "object:3263",
          "op": "=",
          "text": "✅  Normal",
          "value": "1"
        },
        {
          "$$hashKey": "object:3264",
          "op": "=",
          "text": "❗️ Intermitênte",
          "value": "2"
        },
        {
          "$$hashKey": "object:3265",
          "op": "=",
          "text": "❌ Instável",
          "value": "3"
        }
      ],
      "valueName": "current"
    },
    {
      "content": "<center><img src=\"https://raw.githubusercontent.com/remontti/downdetector_zbx_grafana/master/icons/spotify.png\" style=\"width:48px;height:48px;\"></center>",
      "datasource": null,
      "gridPos": {
        "h": 2,
        "w": 2,
        "x": 6,
        "y": 10
      },
      "id": 22,
      "links": [],
      "mode": "html",
      "title": "",
      "transparent": true,
      "type": "text"
    },
    {
      "cacheTimeout": null,
      "colorBackground": false,
      "colorValue": true,
      "colors": [
        "#299c46",
        "rgba(237, 129, 40, 0.89)",
        "#d44a3a"
      ],
      "datasource": null,
      "description": "",
      "format": "none",
      "gauge": {
        "maxValue": 100,
        "minValue": 0,
        "show": false,
        "thresholdLabels": false,
        "thresholdMarkers": true
      },
      "gridPos": {
        "h": 2,
        "w": 4,
        "x": 8,
        "y": 10
      },
      "hideTimeOverride": false,
      "id": 29,
      "interval": null,
      "links": [],
      "mappingType": 1,
      "mappingTypes": [
        {
          "$$hashKey": "object:3260",
          "name": "value to text",
          "value": 1
        },
        {
          "$$hashKey": "object:3261",
          "name": "range to text",
          "value": 2
        }
      ],
      "maxDataPoints": 100,
      "nullPointMode": "connected",
      "nullText": null,
      "postfix": "",
      "postfixFontSize": "50%",
      "prefix": "",
      "prefixFontSize": "50%",
      "rangeMaps": [
        {
          "from": "null",
          "text": "N/A",
          "to": "null"
        }
      ],
      "sparkline": {
        "fillColor": "rgba(31, 118, 189, 0.18)",
        "full": false,
        "lineColor": "rgb(31, 120, 193)",
        "show": false
      },
      "tableColumn": "",
      "targets": [
        {
          "application": {
            "filter": "Site"
          },
          "functions": [],
          "group": {
            "filter": "DownDetector"
          },
          "host": {
            "filter": "DownDetector"
          },
          "item": {
            "filter": "Spotify"
          },
          "mode": 0,
          "options": {
            "showDisabledItems": false,
            "skipEmptyValues": false
          },
          "refId": "A",
          "resultFormat": "time_series",
          "table": {
            "skipEmptyValues": false
          },
          "triggers": {
            "acknowledged": 2,
            "count": true,
            "minSeverity": 3
          },
          "useCaptureGroups": false
        }
      ],
      "thresholds": "1.1,2.1,3.1",
      "title": "",
      "transparent": true,
      "type": "singlestat",
      "valueFontSize": "80%",
      "valueMaps": [
        {
          "$$hashKey": "object:3263",
          "op": "=",
          "text": "✅  Normal",
          "value": "1"
        },
        {
          "$$hashKey": "object:3264",
          "op": "=",
          "text": "❗️ Intermitênte",
          "value": "2"
        },
        {
          "$$hashKey": "object:3265",
          "op": "=",
          "text": "❌ Instável",
          "value": "3"
        }
      ],
      "valueName": "current"
    }
  ],
  "schemaVersion": 22,
  "style": "dark",
  "tags": [],
  "templating": {
    "list": []
  },
  "time": {
    "from": "now-6h",
    "to": "now"
  },
  "timepicker": {
    "refresh_intervals": [
      "5s",
      "10s",
      "30s",
      "1m",
      "5m",
      "15m",
      "30m",
      "1h",
      "2h",
      "1d"
    ],
    "time_options": [
      "5m",
      "15m",
      "1h",
      "6h",
      "12h",
      "24h",
      "2d",
      "7d",
      "30d"
    ]
  },
  "timezone": "",
  "title": "DownDetector",
  "uid": "FI-GAjBZk",
  "variables": {
    "list": []
  },
  "version": 12
}