<?xml version="1.0" encoding="UTF-8"?>
<zabbix_export>
    <version>4.4</version>
    <date>2020-04-20T23:36:58Z</date>
    <value_maps>
        <value_map>
            <name>Status Downdetector</name>
            <mappings>
                <mapping>
                    <value>0</value>
                    <newvalue>Error</newvalue>
                </mapping>
                <mapping>
                    <value>1</value>
                    <newvalue>Estável</newvalue>
                </mapping>
                <mapping>
                    <value>2</value>
                    <newvalue>Intermitências</newvalue>
                </mapping>
                <mapping>
                    <value>3</value>
                    <newvalue>Instável</newvalue>
                </mapping>
            </mappings>
        </value_map>
    </value_maps>
</zabbix_export>
